author,published_at,updated_at,like_count,text
@all4tactical,2024-12-16T19:12:33Z,2024-12-16T19:12:33Z,0,3 years updates only lol.
@nicknorthcutt7680,2024-12-16T05:50:50Z,2024-12-16T05:50:50Z,0,OnePlus has been killing it!! ğŸ”¥ğŸ”¥
@s4yto,2024-12-14T19:59:49Z,2024-12-14T19:59:49Z,0,no headphone jack pass im good
@KaraBlackk,2024-12-13T19:57:10Z,2024-12-13T19:58:05Z,0,can whole planet please stop calling these devices phones... they are computers which can make phone calls... its a computer not a phone ! phones died in 1995
@bilhary2148,2024-12-13T17:31:09Z,2024-12-13T17:31:09Z,0,Nowadays one plus over price going on top not worth ğŸ˜ğŸ˜ğŸ˜ğŸ˜
@yatheeshchandra718,2024-12-13T14:15:48Z,2024-12-13T14:15:48Z,1,OnePlus is making a joke of itself by not opting for a global release amd going for a China first release. Global release coming after few month. Why so much hype for a Chinese phone ? Maybe its time for a new brand to beat the hype.
@Broken.Pashtoon,2024-12-13T07:36:57Z,2024-12-13T07:36:57Z,0,Cost?
@sanjuakki7428,2024-12-13T07:08:14Z,2024-12-13T07:08:14Z,0,Watching on my OnePlus nord 4â¤ğŸ˜Š
@azf1nest23,2024-12-13T06:57:47Z,2024-12-13T06:57:47Z,0,Watching on my one plus 7t pro McLaren.
@murtazafahim4960,2024-12-13T03:44:21Z,2024-12-13T03:44:21Z,0,"Hey guys! Same here using my OnePlus 7 Pro to this day. Bought it the same year it launched. Have the Almond color one ğŸ˜. But I have some cons to share ğŸ˜¢ starting with the display, tbh one of the best displays of all time to this day! But still my display is kinda cooked now. Like where the wifi indicator and battery percentage shows, that spot on my screen is etched ğŸ˜¢. Having no more updates is sad. Also my phone hangs sometimes when charging is low, I wouldn&#39;t say it hangs but it&#39;s kinda worse than that. Like when my phone is low on battery and for example I open a third party app like Snapchat or Whatsapp and open their camera. My phone just stops there. And I can&#39;t do anything about it, it just restarts and I have to charge it asap or I&#39;ll hang like that again. Well I think it&#39;s time for an update ğŸ˜…. Thinking of buying the new OnePlus Nord 4 or OnePlus 12r. Both are great for the money tbh. But having trouble choosing ğŸ˜‚. Well,.... If you read this, a recommendation would be great. â¤ï¸"
@SigmaInstitutePlatform,2024-12-12T22:38:34Z,2024-12-12T22:38:34Z,0,Introducing the $hitplus 13
@KarthiKeyan-eh6ue,2024-12-12T18:18:44Z,2024-12-12T18:18:44Z,0,Still 1+7
@sergiospain2447,2024-12-12T14:56:43Z,2024-12-12T14:57:00Z,1,"Why can&#39;t you make a phone without a hole on the screen? Never use that front camera anyways, so what is the point of having it in the first place"
@shivamlive027,2024-12-12T09:16:56Z,2024-12-12T09:16:56Z,0,very bad design
@tonysamtraktrainvideos,2024-12-12T06:22:29Z,2024-12-12T06:22:29Z,0,"That&#39;s definitely looks more like a OnePlus 13R but where&#39;s the periscope lens? Oneplus 12 has it but not this is new OnePlus 13?<br><br>I&#39;m still using the using the OnePlus 8T and I&#39;m still trying to find the right time to get myself a new phone but sadly, I can&#39;t.<br>The problem with my 8T is the battery drains whenever it wants to rather if I&#39;m using it or not, and the corner of the phone where the camera is, is coming off when the case is still on it."
@slimsleepy262,2024-12-12T05:09:46Z,2024-12-12T05:09:46Z,0,I wonder if there are any fold phones from OnePlus this year. I can&#39;t wait to see.
@Seekab00,2024-12-12T01:06:53Z,2024-12-12T01:06:53Z,1,Please PLEASE just make the screen completely flat.
@thefriendlyneighborhoodsur6894,2024-12-11T14:22:58Z,2024-12-11T14:22:58Z,0,I would pay good money to have a new device from one plus that would look like the one plus one but have recent and decent internals. The oneplus one was a phenomenal game changer. Sandstone finish back.. And sleek AF device
@bhuneshwarsarode9005,2024-12-11T11:49:34Z,2024-12-11T11:49:34Z,0,Watching on OnePlus 5t ğŸ”¥
@aniketkumarr,2024-12-11T09:47:06Z,2024-12-11T09:47:06Z,0,Watching in 12r
@gremsabasu,2024-12-11T06:06:53Z,2024-12-11T06:06:53Z,1,"Yeah been usibg 6t, need of new phn"
@Cat2023-j4b,2024-12-11T05:58:11Z,2024-12-11T05:58:11Z,1,Where is green
@retrocat604,2024-12-11T02:56:12Z,2024-12-11T02:56:12Z,0,Give us a full flagship compact variant.
@johnboona4048,2024-12-11T00:27:46Z,2024-12-11T00:27:46Z,0,idk why they&#39;re being vague about the reveal. like bro the phone is already out in china lol
@teodorhristev7864,2024-12-10T22:01:27Z,2024-12-10T22:01:27Z,0,Please make the Europe editions with front camera on the diagonal! If you can&#39;t bring the 7 Pro display back at least do that! I really want to finally upgrade from my 7T Pro but that&#39;s the only thing holding me back ğŸ˜¢
@MrandMrsAT,2024-12-10T15:52:48Z,2024-12-10T15:52:48Z,0,Watching on OnePlus 7 it&#39;s 6 year started using this from December 2024
@fayaz59,2024-12-10T14:02:26Z,2024-12-10T14:02:26Z,0,Watching on my oneplus 5 â¤ 8 years!!!
@kanishaaGupta,2024-12-10T13:10:25Z,2024-12-10T13:10:25Z,0,One plus 7 pro. â¤ï¸ Still using and do far the best one. Hoping one plus 13 is amazing too
@Satyaprakash_259,2024-12-10T13:04:04Z,2024-12-10T13:04:04Z,0,Watching on OnePlus Nord 3 ğŸ˜…
@calebryder9206,2024-12-10T12:06:07Z,2024-12-10T12:06:07Z,0,"Let the number 13 be fortunate and prosperous for you, OnePlus"
@csgotunibetprediciton4019,2024-12-10T11:43:33Z,2024-12-10T11:43:33Z,0,we want it now!
@shubhshree7359,2024-12-10T09:57:06Z,2024-12-10T09:57:06Z,0,one plus 7 pro best phoneâ¤
@krunalprajapati4847,2024-12-10T03:44:16Z,2024-12-10T03:44:16Z,0,Hardware issue???
@eminemtherapGod372,2024-12-09T18:10:20Z,2024-12-09T18:10:20Z,0,I have still my One Plus 5 T ....Still working like a Monster ğŸ’€
@draco1847,2024-12-09T17:30:15Z,2024-12-09T17:30:15Z,0,Blue lines should be displayed after several days have passed.
@pulkitsharma9395,2024-12-09T17:21:30Z,2024-12-09T17:21:30Z,0,My Oneplus 6T &amp; One plus 8 are still working best
@WIRTSVV,2024-12-09T16:54:39Z,2024-12-09T16:54:39Z,1,Band 14 in US?<br>5g mmWave?<br>UWB?<br>Wi-Fi calling support?<br>Xfinity mobile support?
@AshishKumar-ch6xo,2024-12-09T15:30:19Z,2024-12-09T15:30:19Z,0,Should change camera setup it makes feel bulky.
@RakeshRai007,2024-12-09T15:05:46Z,2024-12-09T15:05:46Z,0,"We want our national brand pure 1000% made in india not sell goods imported from China.<br>Put a Made in India tag on it, who is going to see it, where is the company, where is it not, where is it being produced, Indians are being fooled by importing it from China<br>Due to this, Chinese companies are crying rich and not making Indian people crazy about buying expensive things."
@iamrealkhalifa,2024-12-09T14:04:43Z,2024-12-09T14:04:43Z,0,oneplus 7t was amazing phone but without 5g
@als4858,2024-12-09T13:46:02Z,2024-12-09T13:46:02Z,0,8 pro forever
@mohamedirfan6519,2024-12-09T13:14:22Z,2024-12-09T13:14:22Z,0,watching with line
@VikasThakur112,2024-12-09T12:21:14Z,2024-12-09T12:21:14Z,0,Launch date?
@master33951,2024-12-09T07:55:16Z,2024-12-09T07:55:34Z,1,"All of these OnePlus phones with the big round camera on the back, is a joke. (OnePlus 11 and up atleast)<br>They break in the corner below the cameras.<br><br>When will we get back the old design, like we had with OnePlus 8 Pro?"
@adhilarshath2111,2024-12-09T02:19:28Z,2024-12-09T02:19:28Z,0,Watching from One plus 12 and using OnePlus 8 pro 2020- till now..
@xFlowXxX,2024-12-09T00:35:27Z,2024-12-09T00:35:27Z,1,"Unpopular opinion: <br>Camera on a phone should not determine the cost of the phone. If you want to take beautiful picture, get yourself a real camera."
@AnotherDoppelganger,2024-12-08T22:25:09Z,2024-12-08T22:25:09Z,0,I had a OP 12 and changed to OP9 pro. Best decision ever
@sdinesh019,2024-12-08T21:30:09Z,2024-12-08T21:30:09Z,0,When are you releasing the OnePlus 13 mini ?
@hiteshgerwani5523,2024-12-08T18:10:53Z,2024-12-08T18:10:53Z,0,Oneplus 7 ğŸ‰
@GalavChoudhary,2024-12-08T18:10:14Z,2024-12-08T18:10:14Z,0,ComebackğŸ˜ğŸ‘½
@masashiyeo,2024-12-08T17:39:31Z,2024-12-08T17:39:31Z,0,"Got my OnePlus 12 and watch 2 during 11.11, then buds 3 pro. Think I&#39;m set for the next few years! Hope they&#39;ll keep on improving definitely ğŸ’¯"
@Galaxy-lx4pe,2024-12-08T16:49:16Z,2024-12-08T16:49:16Z,0,Which date launch
@dibaskumarmurmu4249,2024-12-08T16:45:09Z,2024-12-08T16:45:09Z,0,One plus 8 pro has the worst display <br>And there service employee more worst
@Ak_editingz,2024-12-08T16:12:07Z,2024-12-08T16:12:07Z,0,Still using Oneplus 3t
@rikiran4211,2024-12-08T16:06:05Z,2024-12-08T16:06:05Z,0,"Still using OnePlus 7T Pro ,  one of the best display. Till now"
@AmirChemE,2024-12-08T15:31:11Z,2024-12-08T15:31:11Z,0,Camera is a but underwhelming.
@Amazinginternet7,2024-12-08T14:47:40Z,2024-12-08T14:48:26Z,0,One plus lost its competativenessğŸ˜Š and became overpriced...
@Sunilbhagat164,2024-12-08T14:09:07Z,2024-12-08T14:09:07Z,0,ğŸ”¥ğŸ”¥
@helxbharat1107,2024-12-08T11:51:24Z,2024-12-08T11:51:24Z,0,Price should be under 40k for Indian middle class people ğŸ™
@irontyson6322,2024-12-08T11:35:15Z,2024-12-08T11:35:15Z,0,The camera was again overshadowed by its competitors ğŸ˜¬
@samibh1208,2024-12-08T10:42:06Z,2024-12-08T10:42:06Z,0,Rocking with OnePlus 8 Pro....
@MrAravind58,2024-12-08T09:10:27Z,2024-12-08T09:10:27Z,0,Loving one plus 12
@sheryv07,2024-12-08T08:48:32Z,2024-12-08T08:48:32Z,1,One Plus 6t... Still going strong
@anyaforger4812,2024-12-08T08:27:34Z,2024-12-08T08:27:34Z,0,Please keep including charger in the box oneplus
@Neer-Ultra,2024-12-08T08:22:42Z,2024-12-08T08:22:42Z,1,Some parts are copied by Galaxy S22 Ultra&#39;s and iPhone 13 Pro&#39;s unveiling videosğŸ¤£ğŸ¤£ğŸ¤£
@Maho309s,2024-12-08T07:30:53Z,2024-12-08T07:30:53Z,0,we need really phones without notches/punchholes like the oneplus 7 pro!!!
@PraveenKumar-rz2lj,2024-12-08T05:08:03Z,2024-12-08T05:08:03Z,0,7 series was the best series
@nileshsingh7722,2024-12-08T03:32:42Z,2024-12-08T03:32:42Z,1,Please don&#39;t come.. ğŸ˜¢ğŸ™
@chikuwaz23,2024-12-08T02:50:15Z,2024-12-08T02:50:15Z,0,please come to japanese market.
@alcarides,2024-12-08T00:47:31Z,2024-12-08T00:47:31Z,0,Will do an upgrade from my 7pro after 5 years. Cant wait.
@leftspeaker2000,2024-12-07T22:15:41Z,2024-12-07T22:15:41Z,0,Release it on Australia ?
@DaiMoscv,2024-12-07T19:52:48Z,2024-12-07T19:52:48Z,0,I really liked OnePlus 6 and 8 design
@startechy888,2024-12-07T19:23:01Z,2024-12-07T19:23:01Z,0,ğŸ”¥ my phone is almost 5 year older i would like to buy 1+ but i cant afford it <br>1+ is the real flaship ğŸ”¥ğŸ”¥ğŸ”¥
@louiswagner-g2o,2024-12-07T18:14:33Z,2024-12-07T18:14:33Z,0,I have the 13 already
@Gamingcdx-p7q,2024-12-07T17:45:15Z,2024-12-07T17:45:15Z,0,Any one can say me which software to make this type off animation add ?
@hemeshff533,2024-12-07T16:36:20Z,2024-12-07T16:36:20Z,0,Will there be oneplus 13r and oneplus 13mini
@umeshhbhat,2024-12-07T16:28:08Z,2024-12-07T16:28:08Z,0,"One plus 5, 6T &amp; 7 was peak."
@Baby_monstel1234,2024-12-07T16:17:39Z,2024-12-07T16:17:39Z,0,As they say next gen
@Prodigy631,2024-12-07T15:40:07Z,2024-12-07T15:40:07Z,1,watching on my oneplus 2
@TheGrayMan13,2024-12-07T15:20:15Z,2024-12-07T15:20:15Z,0,Box me 1-1 extra display aur mother board milega kya?
@RedZen0_0,2024-12-07T15:04:47Z,2024-12-07T15:04:47Z,0,Star wars
@shreyaspatil9886,2024-12-07T15:00:13Z,2024-12-07T15:00:13Z,0,Watching on the OG OnePlus 5
@Lucky-wo9nt,2024-12-07T14:54:37Z,2024-12-07T14:54:37Z,0,Watching on my legendary OnePlus 8
@fabianvela6077,2024-12-07T13:58:25Z,2024-12-07T13:58:25Z,0,What will the price be at launch?
@xactxx,2024-12-07T13:35:43Z,2024-12-07T13:35:43Z,0,On OnePlus 6T and it has NEVER failed me ONCE. Thank you OnePlus.
@ubdigitaldive,2024-12-07T11:46:47Z,2024-12-07T11:46:47Z,0,"one plus 7 pro was the last innovative phone from one plus, after that it is all same."
@Muhammad.llc1,2024-12-07T06:37:20Z,2024-12-07T06:37:20Z,0,A lot of problem ğŸ˜•ğŸ˜” in OnePlus phone ğŸ“±
@jenshin7092,2024-12-07T05:30:01Z,2024-12-07T05:30:01Z,0,Watching on my 5T
@jenshin7092,2024-12-07T05:29:04Z,2024-12-07T05:29:04Z,0,OnePlus plz wide your screen
@user-zz9ep1us4z,2024-12-07T05:00:24Z,2024-12-07T05:00:24Z,0,æˆ‘æ­£åœ¨ç”¨ä¸‰æ˜Ÿs24
@ChessGM21,2024-12-07T02:44:37Z,2024-12-07T02:44:37Z,0,Waiting for ONEPLUS WATCH 3â¤â¤â¤
@Vinlandman,2024-12-07T02:08:03Z,2024-12-07T02:08:03Z,0,Green Goblin
@idontknow5102,2024-12-07T01:51:59Z,2024-12-07T01:52:57Z,0,"One plus 11,12,13 had same design ğŸ˜¯"
@RohitKumar-r4o5i,2024-12-07T01:15:07Z,2024-12-07T01:15:07Z,1,Watching On My OnePlus 6T
@tayget_tv,2024-12-07T01:02:59Z,2024-12-07T01:02:59Z,0,Bullsheet
@robika880416,2024-12-06T23:43:31Z,2024-12-06T23:43:31Z,0,"what you mean soon, its already out in some countries"
@VetriVetri-f3r,2024-12-06T21:51:52Z,2024-12-06T21:51:52Z,0,Please Fix camera issue for OnePlus 115g
@BhuvanX96,2024-12-06T20:50:59Z,2024-12-06T20:50:59Z,0,I really wish you would team up with Zeiss optics
@hasibulislam2001,2024-12-06T19:46:49Z,2024-12-06T19:46:49Z,0,Cheap design
@SumitSingh-yj4zh,2024-12-06T17:23:47Z,2024-12-06T17:23:47Z,0,Oneplus 13r update
@princesingh5352,2024-12-06T16:25:00Z,2024-12-06T16:25:00Z,0,First give me compensation for my oneplus 10 which has stopped working because of your software update.
@carljohnson1762,2024-12-06T16:13:07Z,2024-12-06T16:13:07Z,0,My one plus 7t suddenly beeps and restarts. has anyone faced this issue ?
@islamclips44,2024-12-06T16:05:30Z,2024-12-06T16:05:30Z,0,Love islam â¤ï¸â€ğŸ©¹ğŸ˜Š
@tittutarzen5034,2024-12-06T15:50:30Z,2024-12-06T15:50:30Z,0,thanks god OnePlus finally remove curve displayğŸ«¡ğŸ«¡
@gordonng4554,2024-12-06T15:29:38Z,2024-12-06T15:29:38Z,0,Watching on OnePlus 12R
@seanvanvinckenroye8679,2024-12-06T15:07:10Z,2024-12-06T15:07:10Z,0,Oneplus... Oneplus never changes
@Cyber-In-The-Shadow,2024-12-06T14:12:43Z,2024-12-06T14:12:43Z,0,We need OnePlus in Egypt fr
@richmonkeymasti8808,2024-12-06T13:57:43Z,2024-12-06T13:57:43Z,1,Please do updates for OnePlus 12 improve cemra quality
@richmonkeymasti8808,2024-12-06T13:53:32Z,2024-12-06T13:53:32Z,0,Please don&#39;t buy OnePlus phones no any improvement in cemra segment I have already OnePlus 12 this phone cemra perform like a midrange phone .... portrait video only 1080-30 fps support i already complaint to OnePlus customer care and mail to OnePlus india but no improvement in cemra upgrade and also 3x portrait photo quality very bad if u switch in 3x quality or colour very bad ...
@ShivamKalirawana,2024-12-06T13:11:22Z,2024-12-06T13:11:22Z,1,ğŸŸ©ğŸŸ©ğŸŸ©ğŸŸ©ğŸŸ©ğŸŸ©ğŸŸ©ğŸŸ©ğŸŸ©ğŸŸ©ğŸŸ©
@gopukrishnan4698,2024-12-06T13:00:17Z,2024-12-06T13:00:17Z,0,Watching on OnePlus 6 ğŸ˜Œ
@stockmarket_updates,2024-12-06T12:23:57Z,2024-12-06T12:23:57Z,1,Oneplus is love à¤”à¤° à¤®à¥ˆà¤‚ à¤‡à¤¸à¥‡ à¤–à¤°à¥€à¤¦à¥‚à¤‚à¤—à¤¾ à¤¬à¤¹à¥à¤¤ à¤¦à¤¿à¤¨ à¤¸à¥‡ à¤‡à¤¨à¥à¤¤à¤œà¤¾à¤° à¤¥à¤¾ ğŸ˜ğŸ”¥â˜…
@comedyking3448,2024-12-06T11:36:51Z,2024-12-06T11:36:51Z,0,Bad samart phone no don&#39;t buy
@Robinhood-p8l,2024-12-06T11:26:46Z,2024-12-06T11:27:20Z,1,Please optimise the OnePlus nord 3 for gaming in android 15 its so many lagging in all phones please its a humble request to you OnePlus <br>....
@thaskarthaskaran1425,2024-12-06T10:23:28Z,2024-12-06T10:23:28Z,0,Is one plus 11r discontinued?
@gaborszucs777,2024-12-06T10:06:42Z,2024-12-06T10:06:42Z,0,I&#39;m waiting for the release date in Europe so I can place my order. ğŸ¥³
@acjdgpr,2024-12-06T09:54:40Z,2024-12-06T09:54:40Z,6,That motorised camera was a marvel in itself worked like a dream. Sadly they canned it after op7 pro. So truly tech has gone back
@nguyentanthanh296,2024-12-06T09:44:15Z,2024-12-06T09:44:15Z,0,So sad no curve screen. Skip
@moeheinkhant7828,2024-12-06T09:21:29Z,2024-12-06T09:21:29Z,0,Watching on  OnePlus 6ğŸ¤¨
@sathishsrinivas473,2024-12-06T07:38:24Z,2024-12-06T07:38:24Z,0,I don&#39;t know why the Phones are getting thicker and thicker?!
@aluop3428,2024-12-06T05:28:22Z,2024-12-06T05:28:22Z,0,When will it release?
@lol-pd6ih,2024-12-06T04:47:20Z,2024-12-06T04:47:20Z,1,What about green screen
@fabianvela6077,2024-12-06T04:19:06Z,2024-12-06T04:19:06Z,0,Should i upgrade from my OP7pro?
@johngee777,2024-12-06T02:07:00Z,2024-12-06T02:07:00Z,0,Watched on OnePlus 12. Can&#39;t wait to get 13!
@bombkuan,2024-12-06T01:55:36Z,2024-12-06T01:55:36Z,0,"I had skipped OnePlus 12 because of trypophobia, OnePlus 13 seems remain the same. Please make it all black for the backside circular plane."
@lipenathan,2024-12-06T01:50:12Z,2024-12-06T01:50:12Z,0,1+13=14
@youtubepremium1694,2024-12-06T00:47:29Z,2024-12-06T00:47:29Z,0,I miss the old days of one plus. Flagship killer days
@sinisazuglic6577,2024-12-05T23:50:51Z,2024-12-05T23:50:51Z,0,"Hi, does youtube support which Slovenian language for translation ( serbian, croatian...) l mean titles"
@KitQcz,2024-12-05T21:57:53Z,2024-12-05T21:57:53Z,1,à¸Šà¸­à¸šà¸¡à¸²à¸à¸„à¸£à¸±à¸š-
@mhermanneloi1571,2024-12-05T20:42:23Z,2024-12-05T20:42:23Z,1,"Perfection of one plus 7 pro . I still have my one plus 7 pro. Its the Best smartphone in the world, with design, personnality, whithout camÃ©ra on screen, the pleasure to use a border screen. After that, its just marketing. They have loose this philosophy of perfection"
@alamoarmando50,2024-12-05T19:13:19Z,2024-12-05T19:13:19Z,0,When when when the Hispanic market? I have had One Plus for years but there is NO technical support in Spanish
@scooterjean86,2024-12-05T18:43:14Z,2024-12-05T18:43:14Z,0,Went from the Op7 pro to the Op11 and miss the op7pro. Maybe the 13 will change my mind again
@BALAJIVENTURES-h7m,2024-12-05T18:36:48Z,2024-12-05T18:36:48Z,0,Legend OnePlus 8
@subhanqureshi4273,2024-12-05T18:21:57Z,2024-12-05T18:21:57Z,0,Eagerly waiting for it to launch in india. I am confused between x200 pro and oneplus 13
@christophtoifl6848,2024-12-05T18:16:29Z,2024-12-05T18:16:29Z,0,Still using my OP 7 Pro. Get rid of the punch hole or my next phone will be a Nubia ...
@konamikk-gv6yf,2024-12-05T17:38:35Z,2024-12-05T17:38:35Z,0,Thr punchole camera is looking very outdated
@seapanda-117,2024-12-05T17:02:54Z,2024-12-05T17:02:54Z,0,Looks good. Will be switching from iOS.
@josepheyes4597,2024-12-05T16:10:41Z,2024-12-05T16:10:41Z,0,Watching from my Oneplus 8 Pro
@janjarac74,2024-12-05T15:24:28Z,2024-12-05T15:24:28Z,0,Price 13 in Sweden?
@janjarac74,2024-12-05T15:24:08Z,2024-12-05T15:24:08Z,0,Price 13?
@algotfbg3057,2024-12-05T15:15:53Z,2024-12-05T15:15:53Z,0,Might be able to afford one in a few months.. holy what a beast I desperately want this phone.
@thilipan4272,2024-12-05T15:04:37Z,2024-12-05T15:04:37Z,1,Watching on OnePlus NORD ce4
@pubgboy1152,2024-12-05T13:06:45Z,2024-12-05T13:06:45Z,0,Next issue coming soon
@MariusCocis,2024-12-05T12:51:24Z,2024-12-05T12:51:43Z,0,Rocking my OnePlus 12 with maximum joy. Somehow they made OnePlus 13 look... cheap. This reiteration of a design I&#39;ve seen in budget phones most often.
@Pascal_86,2024-12-05T12:50:20Z,2024-12-05T12:50:20Z,0,@OnePlus what about the bootloader?
@CreativeVideos-u7v,2024-12-05T12:09:40Z,2024-12-05T12:09:40Z,0,One plus community member is very bad his name is liehjan
@CreativeVideos-u7v,2024-12-05T12:07:37Z,2024-12-05T12:07:37Z,0,Don&#39;t buy one plus mobile
@edmundyhee7687,2024-12-05T12:07:04Z,2024-12-05T12:07:04Z,0,been using oneplus since 7T. never looked back.
@jmcatada,2024-12-05T11:58:27Z,2024-12-05T11:58:27Z,0,13r should have a zoom lense
@ChilllGuyy,2024-12-05T11:47:56Z,2024-12-05T11:47:56Z,0,Launch it sooner
@PocheteVlogs,2024-12-05T11:39:02Z,2024-12-05T11:39:02Z,0,Watching on OnePlus 7 Pro
@2021-m4d,2024-12-05T11:32:04Z,2024-12-05T11:32:04Z,0,Looks the same as previous one
@ssahoo5500,2024-12-05T10:41:04Z,2024-12-05T10:41:04Z,0,The worst chapter!! No curved display ğŸ˜¡
@jamilfox9101,2024-12-05T10:31:57Z,2024-12-05T10:31:57Z,0,Green
@phloxevl0,2024-12-05T09:56:41Z,2024-12-05T09:56:41Z,0,Camera module is way too big to not be centered at the back. The way it looks is as if someone tried to center it but it is slightly off-center.
@vicky2922,2024-12-05T09:07:44Z,2024-12-05T09:07:44Z,1,1+ 13RğŸ’¥
@JStar-h2r,2024-12-05T08:56:13Z,2024-12-05T08:56:13Z,0,Price
@Babadook007,2024-12-05T08:18:23Z,2024-12-05T08:18:23Z,0,Poor me watching this on my OnePlus 7ğŸ˜‚
@EgoGamingYT,2024-12-05T07:36:45Z,2024-12-05T07:36:45Z,0,Watching on OnePlus 7 Pro
@pehlekhanapeena938,2024-12-05T06:29:42Z,2024-12-05T06:29:42Z,0,We want og oxygen os back
@dakshgoel6616,2024-12-05T05:35:00Z,2024-12-05T05:35:00Z,0,First fix your problem of green display
@andi4601,2024-12-05T04:32:06Z,2024-12-05T04:32:06Z,0,"IDK, Why I am Hating this Design! ğŸ˜¢ It looks like a Mid range Design"
@manibathmanathan4725,2024-12-05T04:21:25Z,2024-12-05T04:21:25Z,1,One plus 7 pro â¤
@phen1811,2024-12-05T04:20:01Z,2024-12-05T04:20:01Z,0,OnePlus 12 camera looks better
@mightyaxis3123,2024-12-05T03:51:24Z,2024-12-05T03:51:24Z,0,New colour variant in global version
@ikunalgautam,2024-12-05T03:17:55Z,2024-12-05T03:17:55Z,0,13R launch date ???
@fordfernandez7462,2024-12-05T03:06:20Z,2024-12-05T03:06:20Z,0,One plus open 2 pls
@Ajay-vj9nx,2024-12-05T02:59:06Z,2024-12-05T02:59:06Z,0,"Mobile mat banao, green light hatao,"
@gabrielmendes809,2024-12-05T02:57:34Z,2024-12-05T02:57:34Z,0,feio demais
@sivam996,2024-12-05T02:39:13Z,2024-12-05T02:39:13Z,0,Design is poor
@Ne0_Vect0r,2024-12-05T00:52:39Z,2024-12-05T00:52:39Z,0,Just fkn release it already
@DigitalDistortion,2024-12-04T22:32:05Z,2024-12-04T22:32:05Z,0,One Plus 9 Pro Front Camera to the side and out of the way and curved screen.
@zaroonbukhari4715,2024-12-04T21:34:06Z,2024-12-04T21:34:06Z,0,Still using 1+ Five ğŸ˜…
@beniu985,2024-12-04T21:27:31Z,2024-12-04T21:27:31Z,0,A have this model and waiting for Oxygen Os on...;)
@halazadeh,2024-12-04T20:25:53Z,2024-12-04T20:25:53Z,0,Isn&#39;t it out already...? I don&#39;t get it
@usmannaeem,2024-12-04T20:10:57Z,2024-12-04T20:10:57Z,0,It looks 95% like OnePlus12.
@markgutierez9922,2024-12-04T20:00:55Z,2024-12-04T20:01:04Z,0,Im ready
@RuloVaz,2024-12-04T19:39:30Z,2024-12-04T19:39:30Z,0,When in MÃ©xico?
@sanketgaurkhede6699,2024-12-04T19:06:55Z,2024-12-04T19:06:55Z,0,"ğŸ˜¢ please solve your software issue, I lost my hard earned 42k because of mother board deadğŸ˜¢"
@PEGASUS-007,2024-12-04T17:48:46Z,2024-12-04T17:48:46Z,0,CAMERA IS NOT ALL GREAT. I&#39;M HIGHLY DISSATISFIED WITH MY ONEPLUS 12 SMARTPHONE!!!
@MegaAnas111,2024-12-04T17:28:52Z,2024-12-04T17:28:52Z,59,I am still using OnePlus 7t for five years and the chapter is close after the 7 series.
@vineetsaini4087,2024-12-04T17:05:44Z,2024-12-04T17:05:44Z,0,Improve your camera ğŸ¤³
@donfaez,2024-12-04T16:48:21Z,2024-12-04T16:48:21Z,0,Still using  the 7 Pro and it&#39;s crazy how good it was. maybe I will buy the 13.
@Stefi2772,2024-12-04T16:46:41Z,2024-12-04T16:46:41Z,0,when will be launched globaly this beautyful rocket ? ğŸ˜
@IsoEvolve,2024-12-04T16:08:41Z,2024-12-04T16:08:41Z,0,"On OnePlus 9, idk if I should get the 13 or the Open"
@grumui859,2024-12-04T15:41:21Z,2024-12-04T15:41:21Z,0,bro faster mannï¼ŒI can&#39;t wait any secondğŸ˜«
@betolov,2024-12-04T15:39:43Z,2024-12-04T15:39:43Z,0,Waiting for the fold 2
@mandirasinhaganguly1091,2024-12-04T15:07:38Z,2024-12-04T15:07:38Z,0,My favourite phone so far. Literally fixed most flaws in the 12
@aaryankawtya3213,2024-12-04T14:11:23Z,2024-12-04T14:11:23Z,0,comeOn change the boring CAMERA MODULE DESIGN..<br><br>SQUARE DESIGN IS much better
@mrright884,2024-12-04T13:44:38Z,2024-12-04T13:44:38Z,0,Another China phone that when you open the box half of the price is lost. No thanks.
@Pinku254,2024-12-04T13:29:49Z,2024-12-04T13:29:49Z,0,Please launch in India 6.3 inch size phone ğŸ™
@KYRY98,2024-12-04T13:29:44Z,2024-12-04T13:29:44Z,0,I&#39;m waiting impatiently for the OnePlus 13 while using my OnePlus 7T ğŸ˜
@Amitchaudhary-cc7go,2024-12-04T12:38:18Z,2024-12-04T12:38:18Z,0,IQ 13 is a best
@sufiyanrafique251,2024-12-04T11:33:06Z,2024-12-04T11:33:06Z,0,wow what a let down
@Chris_the_Titaras,2024-12-04T11:27:08Z,2024-12-04T11:27:08Z,0,Watching on OnePlus 5T!! ğŸ˜Š
@GadgetsArise,2024-12-04T11:03:32Z,2024-12-04T11:03:32Z,0,"Ah, this design is getting boring now"
@JapanJacques,2024-12-04T10:18:17Z,2024-12-04T10:18:17Z,0,Watching on my OnePlus 13 ğŸ˜œ
@the350azoker,2024-12-04T10:16:52Z,2024-12-04T10:16:52Z,73,Watching on my legendary OnePlus 7
@krishkiruba,2024-12-04T09:52:24Z,2024-12-04T09:52:24Z,0,Waiting for R (13R)ğŸ‰
@festyplays,2024-12-04T09:34:40Z,2024-12-04T09:34:40Z,0,"OnePlus should work on under display cameras for the best display experience, they should take inspiration from &quot;Redmagic 10&quot;"
@nihilwalde1247,2024-12-04T09:07:11Z,2024-12-04T09:07:11Z,0,Don&#39;t buy OnePlus ğŸ™ğŸ»
@danutgabriel7024,2024-12-04T08:58:57Z,2024-12-04T08:58:57Z,0,"Watching this on my OnePlus 8T. Besides the battery, everything still as it were new"
@khushiReddy_24,2024-12-04T08:11:48Z,2024-12-04T08:11:48Z,0,One plus phones are the worst. They give you update and degrade your phone. Or give you dead phone. Worst
@RSJ1961,2024-12-04T08:02:56Z,2024-12-04T08:02:56Z,0,Still using OnePlus 5t â¤
@prabhjeetsingh123,2024-12-04T08:00:45Z,2024-12-04T08:00:45Z,1,Hlo oneplus I am using oneplus nord 4 absolutely amazing. But i want to work in your youtube videos pls.
@salond07,2024-12-04T07:50:39Z,2024-12-04T07:50:39Z,0,Come to Thailand please. PLEASE!!!
@24685sourav,2024-12-04T07:37:19Z,2024-12-04T07:37:19Z,0,"Considering the price, camera is pathetic in OP12. If light is slightly lower then even a decent picture seems dream. Will switch soon."
@KrishnaRamanujan,2024-12-04T07:30:10Z,2024-12-04T07:30:10Z,1,â­•ne Plus You Amaze us Always.ğŸ‘ŒğŸ»
@KrishnaRamanujan,2024-12-04T07:29:44Z,2024-12-04T07:29:44Z,2,Watching it in â­•ne Plus 12.
@KrishnaRamanujan,2024-12-04T07:29:05Z,2024-12-04T07:29:05Z,1,â­•ne Plus User From India (Bharat).
@forinternetinternet4490,2024-12-04T07:19:12Z,2024-12-04T07:19:12Z,0,bring 24gb 1tb variant globaly please ğŸ¥ºğŸ¥ºğŸ¥º
@fabiyeah,2024-12-04T07:13:33Z,2024-12-04T07:13:33Z,0,"come on!, i need to replace my Oneplus 9Pro, its still a great smarphone but the battery life is horrible"
@KsanasLager,2024-12-04T06:48:01Z,2024-12-04T06:48:16Z,0,i will wait for OP18 :D as i had 6T now 12 next has to be 18
@Marinescu87Dan,2024-12-04T06:31:54Z,2024-12-04T06:31:54Z,89,"Still using OnePlus 7 Pro since launch. Best phone ever, without holes in display!"
@pwnagejetsonjetson4118,2024-12-04T06:19:02Z,2024-12-04T06:19:02Z,0,"i still have the oneplus 9 5g, im thinking about the 13 when it goes global"
@TehF0cus,2024-12-04T05:53:42Z,2024-12-04T05:53:42Z,0,If only the phones stood affordable like the 1+1 was.
@ryuu8105,2024-12-04T05:24:40Z,2024-12-04T05:24:40Z,0,watching this on my oneplus 8
@averagegamer345,2024-12-04T05:24:22Z,2024-12-04T05:24:22Z,0,Will definitely updrade from OP 7T to OP 13
@Garrettdx1988,2024-12-04T05:15:14Z,2024-12-04T05:15:14Z,0,Can we get a flat black option in the US though
@TershAlvian,2024-12-04T05:11:57Z,2024-12-04T05:11:57Z,0,Using OnePlus 9. Very nice phone and still stable in gaming.
@Lawrence.Carlton,2024-12-04T05:06:59Z,2024-12-04T05:06:59Z,0,It would be great if we could have it for Christmas???
@Ğ¿ĞµÑ‚ÑŠÑ€Ğ¹Ğ¾Ñ€Ğ´Ğ°Ğ½Ğ¾Ğ²-Ğ¹8Ğ³,2024-12-04T04:59:47Z,2024-12-04T04:59:47Z,0,Top top phone op 13.... oneplus rocks.. period !!!!
@munezsiangshai255,2024-12-04T04:41:34Z,2024-12-04T04:41:34Z,0,OnePlus should have stick with the Nord 4 design in all its phone... it&#39;s unique
@RishavKumar-wh2yb,2024-12-04T03:14:58Z,2024-12-04T03:14:58Z,0,OnePlus is dead â˜ ï¸â˜ ï¸
@Robcadams1974,2024-12-04T03:04:52Z,2024-12-04T03:04:52Z,18,How soon. I need to replace my phone. Hold off too long I&#39;m getting a Pixel.
@changeitnow421,2024-12-04T02:50:31Z,2024-12-04T02:50:31Z,0,This time do not make any compromises in Camera please
@MRN7EDITZ,2024-12-04T02:50:12Z,2024-12-04T02:50:12Z,0,you guys need improve your camera before launching globally
@therealsuryagamingyt1104,2024-12-04T02:38:34Z,2024-12-04T02:38:34Z,1,Waiting for the FLAGSHIP KILLER phone
@C_Fak942,2024-12-04T02:28:40Z,2024-12-04T02:28:40Z,0,Still on 8 pro
@conspiracyofanarchy,2024-12-04T01:10:41Z,2024-12-04T01:10:41Z,0,Can you guys hire other designer to replace that round camera bump?
@zakuinabox3992,2024-12-04T00:06:26Z,2024-12-04T00:06:26Z,0,Wondering what the price is gonna be and storage options line up with each price bracket. I have the 12 Emerald and while i live it man did i want the white version. Glad to see its coming state side and im hoping a good trade deal is on offer for the 12 going into the 13 as I&#39;m really on the fence. That and youll get me to buy the buds pro 3 if its good XD
@kevinreddy32,2024-12-03T23:59:05Z,2024-12-03T23:59:05Z,0,Sat here with my OnePlus 7 ive had the one plus 10 since and unfortunately dropped it down a drainğŸ˜…ğŸ¤£ came back to OnePlus 7 and it works like a dream ive dropped it banged it used it endlessly and its just bulletproof incredible phone
@steve_nomad,2024-12-03T23:58:40Z,2024-12-03T23:58:40Z,0,I wish they could keep the green marble like color! ğŸ’š
@phothewin6019,2024-12-03T23:53:32Z,2024-12-03T23:53:32Z,1,iPhone 16 Pro Max is better.
@thong99cat,2024-12-03T23:49:36Z,2024-12-03T23:49:36Z,1,Stop killing background notification
@chieflingco,2024-12-03T23:37:15Z,2024-12-03T23:37:15Z,0,My oneplus 11 is still running strong
@Ne0_Vect0r,2024-12-03T23:12:57Z,2024-12-03T23:12:57Z,1,What means &quot;soon&quot;. For me that&#39;s next 7 days.. but what does it mean for OnePlus?
@Mr_Pv,2024-12-03T23:11:27Z,2024-12-03T23:11:27Z,0,mas me crece
@Coaja20,2024-12-03T23:01:07Z,2024-12-03T23:01:07Z,0,Watching on my OnePlus 13 and it&#39;s the real deal!
@diegosmaxi,2024-12-03T21:32:47Z,2024-12-03T21:32:47Z,0,"Finally saying good bye to edge/curved screen ğŸ˜­ğŸ˜­ That&#39;s the main reason I&#39;ll change my OnePlus 11, whichs is great, but I really don&#39;t like the curved screen."
,2024-12-03T21:20:54Z,2024-12-03T21:20:54Z,0,After 3 years I changed my oneplus 8t for a 10t if I knew that 13 will be flat screen I would wait 3 months more
@kramernaylor7810,2024-12-03T21:19:49Z,2024-12-03T21:19:49Z,0,Looks like no curved glass. I want it
@schranzistor,2024-12-03T21:15:16Z,2024-12-03T21:16:15Z,0,Dual e-sim support for global version?
@uTaylor90,2024-12-03T21:00:29Z,2024-12-03T21:00:29Z,0,They need to stop releasing phones so quickly. The improvements are only incremental. The op12 only just came out. It&#39;s ridiculous
@buzzhd1078,2024-12-03T20:25:37Z,2024-12-03T20:25:37Z,0,Waiting to buy
@zuesadam7143,2024-12-03T20:23:24Z,2024-12-03T20:23:24Z,0,Still here on my OnePlus 7Pro
@high_mafia,2024-12-03T20:15:36Z,2024-12-03T20:15:36Z,0,Design not that great
@mirkus8483,2024-12-03T20:03:19Z,2024-12-03T20:03:19Z,0,polska gurom. Przejmujemy ten filmik i model telefonu
@Un4gettablewolf,2024-12-03T20:00:39Z,2024-12-03T20:00:39Z,0,Now that&#39;s some build quality ğŸ˜®. Please give good deals to trade!
@RealNightwing,2024-12-03T19:53:34Z,2024-12-03T19:53:34Z,0,Please it&#39;s high time to release oneplus open 2 too. Waiting for it anxiously.
@BradleyLarcher,2024-12-03T19:43:12Z,2024-12-03T19:43:12Z,0,Beautiful. Love the blue
@harshvardhansinghrathore2781,2024-12-03T19:41:05Z,2024-12-03T19:41:05Z,0,"Sincerely not Impressed, loyal customer from OnePlus 7T. I bought every flagship phone right now using 11,12 but this time the OnePlus design team disappointed me. Not any good or big reason for upgrading."
@darshandhamdhere7944,2024-12-03T19:34:50Z,2024-12-03T19:34:50Z,0,Worst design ever<br>12 is goodğŸ˜‚
@midnightstories6619,2024-12-03T19:15:16Z,2024-12-03T19:15:16Z,0,"Watching on my OnePlus 11R, dunno why people hating after OnePlus 11 it&#39;s starting to make a comeback"
@kmitchpg,2024-12-03T19:09:40Z,2024-12-03T19:09:40Z,1,"I always say it, the first Oneplus phone, the Oneplus One had THE best textured sandstone finish and was practically impossible to drop. If only all phones handled as well as that now."
@michaeldaguisan7584,2024-12-03T18:57:24Z,2024-12-03T18:58:58Z,0,"So basically the OnePlus X but on major steroids lol Snapdragon 8 elite,  6000 mah battery, IP69 , LPDDR5 RAM, USF 4.0 storage, 80 Watt charging, 50 watt wireless chargin tog, Mag safe ready, 1440p panel, this is a beast ğŸ‘¹"
@samarwazir3939,2024-12-03T18:46:04Z,2024-12-03T18:46:04Z,0,One plus 12 R oxygen OS 15 android 15 best update waiting for Ai features
@mayurkhandare5047,2024-12-03T18:40:19Z,2024-12-03T18:40:19Z,0,Still rocking with 6T ğŸ”¥
@adenogram,2024-12-03T18:30:51Z,2024-12-03T18:30:51Z,1,Get rid of curved displays. Redesign the camera layouts
@wirewizard5760,2024-12-03T18:29:48Z,2024-12-03T18:29:48Z,0,"Watching this on my OnePlus 13 ğŸ˜ it&#39;s a nice phone, deffo upgrade from the OnePlus 6 I rocked for 6 years... Been here since the original one plus one, great phones and the 13 hasn&#39;t disappointed"
@mry_deepak67,2024-12-03T18:20:09Z,2024-12-03T18:20:09Z,0,13R
@DimiProject2,2024-12-03T18:16:02Z,2024-12-03T18:16:02Z,0,Coming Thursday mine......black 1Tb ....ğŸ˜ŠğŸ˜ŠğŸ˜ŠğŸ˜Š
@manavtyagi6086,2024-12-03T18:12:29Z,2024-12-03T18:12:29Z,0,This is the Fantastic fantabulous dedication of OnePlus putting in a piece of art ğŸ¨ğŸ’¥ SÅ«PÄ“Rb back side of device looks unique as well bezels on screen are amazing ğŸ˜ ğŸ’¯ OnePlus 13 gonna have three color but I personally think there will be more colors for sure <br>and it is gonna be a light one in weight glad to see this coming
@sperbarcaable,2024-12-03T18:02:49Z,2024-12-03T18:02:49Z,0,"watching on my OnePlus 10 pro ,, really love this company ,, waiting for global realase â¤â¤â¤â¤â¤â¤â¤"
@ceoofmanwha3279,2024-12-03T17:59:29Z,2024-12-03T17:59:29Z,0,Unreal Downfall
@Androide323,2024-12-03T17:59:19Z,2024-12-03T18:01:02Z,0,"If you manage to do what the Red Magic 10 Pro did and have an under display hidden camera with no notch on the screen, I&#39;ll upgrade from my OnePlus 7 Pro, either that or a pop-up camera, I&#39;m not interested in a notch, even with the smart notification things you&#39;re implementing with OxygenOS 15. It&#39;s just not for me.<br><br>EDIT: Also, the back camera is huge! If you get a simple and more aesthetic design that&#39;s not that huge, I&#39;ll definitely upgrade."
@eduardpaun7367,2024-12-03T17:53:47Z,2024-12-03T17:53:47Z,1,Bro just launch it allready
@jobayer259,2024-12-03T17:47:58Z,2024-12-03T17:47:58Z,0,please give me a phone
@komal.b1,2024-12-03T17:28:18Z,2024-12-03T17:28:18Z,0,Really number 13!!!! <br><br>Why ğŸ˜­ğŸ˜­ğŸ˜­ can you not jump to 14 and skip 13???
@SiddharthYJain,2024-12-03T17:08:22Z,2024-12-03T17:08:22Z,0,One plus 6tâ¤
@ilkerYT,2024-12-03T17:04:16Z,2024-12-03T17:04:16Z,0,Need to see the One Plus 13 in the Turkish market!!
@lavatr8322,2024-12-03T16:53:42Z,2024-12-03T16:53:42Z,1,The Settling chapter
@harshithtimes3866,2024-12-03T16:39:52Z,2024-12-03T16:39:52Z,0,OnePlus one last suggestion to you just bring back old oxygen OS like os 11 like that then your the king in the smartphone industry nobody is liking your color os and I&#39;m watching this video in my OnePlus 12
@Jackdudu,2024-12-03T16:35:22Z,2024-12-03T16:35:22Z,0,12r?
@farzinfarsi,2024-12-03T16:31:44Z,2024-12-03T16:31:44Z,6,great design . round camera bump is the ultimate form of camera bumps.
@rechem_0307,2024-12-03T16:26:45Z,2024-12-03T16:26:45Z,0,Loving my Op12â¤
@rishabhsingh1912,2024-12-03T16:26:39Z,2024-12-03T16:26:39Z,0,Next chapter with new lies of features and new lies of phones
@ankitbisaria,2024-12-03T16:24:44Z,2024-12-03T16:24:44Z,0,Bring back the legend op7 pro
@blackkaiser5258,2024-12-03T16:21:12Z,2024-12-03T16:21:12Z,0,now we can have multicolor linessğŸ˜‚ğŸ˜‚ğŸ˜‚ğŸ˜‚ğŸ˜‚ğŸ˜‚ğŸ«¡
@leeaxon01,2024-12-03T16:18:08Z,2024-12-03T16:18:08Z,1,ğŸ¶ The Magic of Nature â¤
@Thiccolo,2024-12-03T16:17:08Z,2024-12-03T16:17:08Z,1,"Bring back that ultra marine blue, literally the best color"
@realmousaffa3927,2024-12-03T16:16:53Z,2024-12-03T16:16:53Z,0,bro its fckin december and they still say coming soon instead of just giving us a date why do they hate people outside of china so much
@Bigchungusy,2024-12-03T16:13:53Z,2024-12-03T16:13:53Z,2,This for some reason is making OP 12 look more beautiful
@katiebumbum1113,2024-12-03T16:10:28Z,2024-12-03T16:10:28Z,0,Rooting for this one. We&#39;ll get this if Android decides to kill Android 12 next year. I&#39;m still using the first Nord from 2020.
@siepi5728,2024-12-03T16:09:15Z,2024-12-03T16:09:15Z,0,Lol next chapter. This is the same as OP12 with next snapdragon.
@MitulIsLive05,2024-12-03T16:08:21Z,2024-12-03T16:08:21Z,0,Watching on 11r ğŸ˜¢ğŸ˜…
@carl794,2024-12-03T15:58:09Z,2024-12-03T15:58:09Z,0,old design was sexier
@TheMrIgnor,2024-12-03T15:41:24Z,2024-12-03T15:41:24Z,6,"OnePlus I have been with you since 1+One, that was my first one...<br>I cant wait to buy this 13 model<br>I feel like its gonna be lucky 13 ğŸ‰"
@visualchemy_gfx,2024-12-03T15:38:52Z,2024-12-03T15:38:52Z,0,#1+forever
@visualchemy_gfx,2024-12-03T15:38:24Z,2024-12-03T15:38:24Z,3,Best brand dropping another banger. I just hope the experience would be more refined and smooth with the brand new OxygenOs 15! Best of luck to OnePlus
@Banerjee_05,2024-12-03T15:22:53Z,2024-12-03T15:22:53Z,0,The most waited smartphone â¤
@Gabriel-ll7ys,2024-12-03T15:13:07Z,2024-12-03T15:13:07Z,0,"Pleease, launch a 24gb RAM global version, even if it comes with 512gb or 256gb"
@samad848,2024-12-03T14:55:43Z,2024-12-03T14:55:43Z,0,When the Price Will Reveal?
@killactct,2024-12-03T14:53:14Z,2024-12-03T14:53:14Z,0,When we get the oneplus open 2?
@apsfilmdownload777,2024-12-03T14:52:17Z,2024-12-03T14:52:17Z,0,ONE PLUS 7 PRO IS THE BEST ONE PLUS PHONE I EVER USED
@umeshthemaster,2024-12-03T14:46:36Z,2024-12-03T14:46:36Z,0,1080p teaserğŸ˜‚
@VarunKumarYerukula,2024-12-03T14:43:06Z,2024-12-03T14:43:06Z,0,Hi
@snoepox1257,2024-12-03T14:42:39Z,2024-12-03T14:42:39Z,0,DROP THE OPEN IN PRICE TO BE RELEVANT!
@artventurr,2024-12-03T14:39:12Z,2024-12-03T14:39:12Z,0,"Change that camera island, it looks cheap. If it was simpler like Samsung&#39;s, I wouuld have purchased one."
@N0Intro,2024-12-03T14:34:35Z,2024-12-03T14:34:35Z,0,"watching from oneplus 6t. Gonna get this as my new phone, bc it is the first real OnePlus phone since the OP9Pro"
@arjunrockzz7363,2024-12-03T14:27:07Z,2024-12-03T14:27:07Z,0,Watching it on oneplus 9Râ¤â¤ğŸ˜¢ğŸ˜¢
@sossox0,2024-12-03T14:25:09Z,2024-12-03T14:25:09Z,0,need an T version of this
@AndreTheDragon,2024-12-03T14:15:39Z,2024-12-03T14:15:39Z,3,I already have 13 and it&#39;s great.
@aperSongster,2024-12-03T14:15:38Z,2024-12-03T14:15:38Z,0,"Watching from OnePlus 10 pro , but ...........<br>seriously OnePlus , please do something about the design <br>The Op12 looks so amazing than this 13 <br>Please do something new in the design"
@vipinrobikurishingal2805,2024-12-03T14:15:34Z,2024-12-03T14:15:34Z,0,Using OP 12...Not gonna update this time...May be OP 14 if spects are incredible......
@Beastxsajid143,2024-12-03T14:13:35Z,2024-12-03T14:13:35Z,0,Why OnePlus not changing camera Big circle â­•â­•
@DhairyaMina-i4r,2024-12-03T13:58:21Z,2024-12-03T13:58:21Z,3,Still on my 10R but think that it&#39;s a shitbox . Planning to upgrade . Any ideas??
@alokeshchatterjee2534,2024-12-03T13:48:32Z,2024-12-03T13:48:32Z,2,"One plus ko price ke hisab se Cemera mein improvement Lana padega, for specially &quot;R&quot; series.."
@mexicof4929,2024-12-03T13:47:05Z,2024-12-03T13:47:05Z,1,If it&#39;s act to play heavy games with your cell phone
@harshanaik298,2024-12-03T13:39:47Z,2024-12-03T13:39:47Z,1,ONE + 13 Geen Lines
@No_timezone77,2024-12-03T13:38:07Z,2024-12-03T13:38:07Z,1,Watching this on my 7t pro McLaren edition
@Amritblock,2024-12-03T13:29:03Z,2024-12-03T13:29:03Z,1,When its launching am very curious
@simbusilambu5210,2024-12-03T13:28:39Z,2024-12-03T13:28:39Z,1,In amozon they sell 11r at 29000 it&#39;s original are fake product
@thegamech5253,2024-12-03T13:25:12Z,2024-12-03T13:25:12Z,2,"Watching this from my onePlus 13 feels funny, like, i am from the future or some shi"
@arkvsi8142,2024-12-03T13:24:03Z,2024-12-03T13:24:03Z,2,Remove Google&#39;s spyware from it!
@nawazshanewaz4648,2024-12-03T13:20:30Z,2024-12-03T13:20:30Z,1,Oneplus 12R user here
@peaceofmind5915,2024-12-03T13:19:51Z,2024-12-03T13:19:51Z,222,OnePlus 7Pro Series Is Legendary â¤
@N00MAK_CA_Finalist,2024-12-03T13:16:45Z,2024-12-03T13:16:45Z,1,ğŸ‘ğŸ‘ğŸ»ğŸ‘ğŸ»
@sage_mode_,2024-12-03T13:02:15Z,2024-12-03T13:02:15Z,3,Finally a flat display ğŸ¥³ğŸ¥³ğŸ¥³ Finally we will have original Tempered Glass screen protector ğŸ¥³ğŸ¥³ğŸ¥³
@Carbknight,2024-12-03T12:59:08Z,2024-12-03T12:59:08Z,1,The next chapter? Seriously?
@Baldgeta,2024-12-03T12:56:47Z,2024-12-03T12:56:47Z,4,Watching this with my OnePlus 15
@huzaifahhaneef6352,2024-12-03T12:49:09Z,2024-12-03T12:49:09Z,1,"OnePlus 7 pro was the one, the one that took real risks, this is already released in china, still showing us teaserğŸ˜‚"
@bilawallahootidrums,2024-12-03T12:47:07Z,2024-12-03T12:47:07Z,1,Boring
@sahiljadhav6969_,2024-12-03T12:31:18Z,2024-12-03T12:31:18Z,3,Toward the previous chapter i guess ğŸŒš
@comedyking-yn4lf,2024-12-03T12:25:52Z,2024-12-03T12:25:52Z,1,One plus 13 mini  kb tak aa dakta hai india me
@mmkishore144,2024-12-03T12:19:42Z,2024-12-03T12:19:42Z,1,Waiting â¤
@patildinesh07,2024-12-03T12:19:36Z,2024-12-03T12:19:36Z,1,Come On NOw really Flat screen.... I already Brought Nord4 just for Flat screen.
@vaughanjones3613,2024-12-03T12:18:59Z,2024-12-03T12:18:59Z,3,Watching this on OnePlus One! Isn&#39;t as fast as it used to be but still works!
@RealRameshBabu,2024-12-03T12:11:55Z,2024-12-03T12:11:55Z,24,"I&#39;m still rocking my OnePlus 5t, i think this will be my upgrade finally ğŸ—£ï¸"
@meleedleleedle,2024-12-03T12:11:48Z,2024-12-03T12:11:48Z,3,Watching this on my oneplus 5T
@zainulsayed6698,2024-12-03T12:11:21Z,2024-12-03T12:11:21Z,1,Try to create something new .... Dont just keep repeating the same pattern ğŸ˜®â€ğŸ’¨
@mengsong5326,2024-12-03T12:10:47Z,2024-12-03T12:10:47Z,1,How much for 1Tb or 512g ?
@clueless6763,2024-12-03T12:08:15Z,2024-12-03T12:08:15Z,20,"still on 8T, gonna get this like 2 years later"
@kabhijeet16,2024-12-03T12:05:30Z,2024-12-03T12:05:30Z,1,Advertisement of OnePlus 13 launched after actual launch of OnePlus 13ğŸ˜‚ğŸ˜‚ğŸ˜‚ğŸ˜‚
@Mariobrownio1989,2024-12-03T12:03:43Z,2024-12-03T12:03:43Z,5,Watching from my OnePlus open ğŸ¥²
@Dude_Virus,2024-12-03T12:02:38Z,2024-12-03T12:02:38Z,3,I hope they release the 24 GB + 1 TB model in India as well.
@Nikku08,2024-12-03T12:00:40Z,2024-12-03T12:00:40Z,2,Another brick in the wall
@TheRockstar398,2024-12-03T11:53:38Z,2024-12-03T11:53:38Z,1,No thanks. Your camera is bad as always.
@victorrothschild4203,2024-12-03T11:49:07Z,2024-12-03T11:49:07Z,1,You jabronis lost your way after the 7t
@AI.0116,2024-12-03T11:47:59Z,2024-12-03T11:47:59Z,11,Please extend the security patch update policy up to 6-7 years
@ArgiriosII,2024-12-03T11:46:13Z,2024-12-03T11:46:13Z,5,Why no 4K video?<br>Wich color should I choose?
@rycx_x,2024-12-03T11:45:52Z,2024-12-09T13:00:05Z,1,Ugly. NothingPhone is better
@NeedPeaceInLife,2024-12-03T11:45:38Z,2024-12-03T11:45:38Z,64,Watching on OnePlus 12
@bloodshadow9389,2024-12-03T11:43:24Z,2024-12-03T11:43:24Z,3,"Ğ¤ÑÑ, Ñ‚ĞµĞ¿ĞµÑ€ÑŒ ÑÑ‚Ğ°Ğ» Ğ´Ğ¾ÑĞºĞ¾Ğ¹ Ğ¿Ğ»Ğ¾ÑĞºĞ¾Ğ¹, Ğ° Ğ³Ğ´Ğµ ÑÑ‚Ğ¸ Ğ¿Ñ€ĞµĞºÑ€Ğ°ÑĞ½Ñ‹Ğµ Ñ„Ğ¾Ñ€Ğ¼Ñ‹?â¤"
@ALI-soon1Milli,2024-12-03T11:43:05Z,2024-12-03T11:43:05Z,1,If this has QI2 Iâ€™m coming home to android
@serrael-182,2024-12-03T11:43:05Z,2024-12-03T11:43:05Z,1,We all know its coming soon. No real new information...
@ramprasanths1995,2024-12-03T11:41:31Z,2024-12-03T11:41:31Z,2,"Im very eager to get oneplus 13ğŸ¥º, however i cant to buy ğŸ˜’ sure i will raise my pocket"
@Tyson-lo7sg,2024-12-03T11:39:58Z,2024-12-03T11:39:58Z,25,I AM STILL ON Oneplus 6T and its a monstrous phone ever made by OnePlus.Still it can beat some new phones in video and photos.I expect OnePlus to do better in Camera and video
@Only1TReal,2024-12-03T11:39:45Z,2024-12-03T11:39:45Z,2,Hopefully there&#39;s a good deal with the Pre-order. I have the 12R on my AT&amp;T line. I&#39;m hoping the 13 works on my Verizon line
@NurulHuda-hj4kx,2024-12-03T11:39:07Z,2024-12-03T11:39:07Z,1,I love OnePlus because of faster Oxygen OSâ¤
@hamada100200100,2024-12-03T11:36:05Z,2024-12-03T11:36:05Z,1,We need the global version when...ğŸ’”ğŸ’”ğŸ˜“ğŸ˜“????
@harbhajansingh2910,2024-12-03T11:32:57Z,2024-12-03T11:32:57Z,9,I love OnePlus and I already using 12 OnePlus 13 OnePlus white color amazing
@LiveLifeWithLove,2024-12-03T11:31:34Z,2024-12-03T11:31:34Z,1,glossy phones ğŸš«
@ItzXstream,2024-12-03T11:28:32Z,2024-12-03T11:28:32Z,76,Loving my OnePlus 12
@unknown-vr5wu,2024-12-03T11:28:12Z,2024-12-03T11:28:12Z,1,Next colour full line&#39;s ğŸ”¥ğŸ”¥
@yaarokayaar7797,2024-12-03T11:27:28Z,2024-12-03T11:27:28Z,2,OnePlus time to comeback with old picture â¤â¤
@himanshu6472,2024-12-03T11:22:51Z,2024-12-03T11:22:51Z,1,Kill the china OS bring back the OG oxygen OS
@SeveroZX,2024-12-03T11:19:20Z,2024-12-03T11:19:20Z,2,I love you OnePlus â¤ï¸
@NickMidd91,2024-12-03T11:19:00Z,2024-12-03T11:19:00Z,5,Just got the oneplus12 said the 13 is coming in January
@amulkumar6412,2024-12-03T11:11:32Z,2024-12-03T11:11:32Z,26,The White âšª color is amazing
@amulkumar6412,2024-12-03T11:11:12Z,2024-12-03T11:11:12Z,3,Nice ğŸ¤©ğŸ‘ fantasticğŸ¤˜ğŸ˜ğŸ¤˜ great job Oneplus finally this Time oneplus makes a perfect phone in all of these years â¤
@8bits955,2024-12-03T11:06:05Z,2024-12-03T11:06:05Z,2,oneplus 7 pro was the last great oneplus ever since then it been going downhill with the software and the hardware
@jitendrameghwal0832,2024-12-03T11:05:03Z,2024-12-03T11:05:03Z,5,IQ 13 â¤â¤â¤
@jjawith3246,2024-12-03T11:02:37Z,2024-12-03T11:02:37Z,1,The best phones ever here
@kaifahmad1118,2024-12-03T11:00:16Z,2024-12-03T11:00:16Z,4,India launch date?
@MaltiDevi-nx4cr,2024-12-03T10:59:49Z,2024-12-03T10:59:49Z,15,Launch it faster. I am very excited to buy it.
@raducodreanu2309,2024-12-03T10:59:45Z,2024-12-03T10:59:45Z,4,"Iâ€™m ready, letâ€™s go, canâ€™t wait for this to come to EU retailers with the global version &amp; Oxygen OS."
@ernestkj,2024-12-03T10:58:36Z,2024-12-03T10:58:36Z,1,not a fan of the current design at the moment.. maybe need some time to get used to it
@tusharlokhande7954,2024-12-03T10:56:00Z,2024-12-03T10:56:41Z,35,"For me, it&#39;s not a brand... It&#39;s emotions...<br><br>7 loyal years with OnePlus with OP 6, 6T, 7T Pro McLaren, 11 and now 12... Waiting for you 13 â¤..."
@hani_issa,2024-12-03T10:51:50Z,2024-12-03T10:51:50Z,0,worst looking oneplus phone ever !
@peaceofmind5915,2024-12-03T10:50:19Z,2024-12-03T10:50:19Z,2,Bad Design ğŸ˜¢
@MohdFirdaus-lk2dm,2024-12-03T10:49:17Z,2024-12-03T10:49:17Z,0,First Comment ğŸ‰ğŸ‘
@magicmystery4211,2024-12-03T10:47:22Z,2024-12-03T10:47:22Z,2,Just like everytime camera will be big letdown
@trashacc7124,2024-12-03T10:46:33Z,2024-12-03T10:46:33Z,2,Kinda like the curve screen more because it looks like having big screen with small size and has more advantage when gaming
@alanwalker194,2024-12-03T10:43:49Z,2024-12-03T10:43:49Z,68,Im OnePlus lover but i hate round  camera design ğŸ˜­ğŸ˜­ğŸ˜­ğŸ˜­
@fremzter,2024-12-03T10:42:52Z,2024-12-03T10:42:52Z,3,"I moved away from OP when they started the curved screen, maybe it&#39;s time to come backğŸ˜®"
@spritamsel4929,2024-12-03T10:42:51Z,2024-12-03T10:42:51Z,18,Watching this on my OnePlus 13 feels funny
@alanwalker194,2024-12-03T10:42:23Z,2024-12-03T10:42:23Z,3,I hate camera design
@alanwalker194,2024-12-03T10:40:49Z,2024-12-03T10:40:49Z,3,Please stop round camera design ğŸ˜­
@CocoCc-z5k,2024-12-03T10:40:02Z,2024-12-03T10:40:02Z,0,glad im a  one plus user
@jamiehunter3567,2024-12-03T10:37:49Z,2024-12-03T10:37:49Z,1,Looks absolutely fantastic makes me want this alongside my oneplus open ğŸ˜‰ğŸ˜‰
@Anonymous-hu3yt,2024-12-03T10:35:50Z,2024-12-03T10:35:50Z,2,One of the worst looking models of OnePlus series&#39; ğŸ˜‚
@OmarFaruq-on2rt,2024-12-03T10:35:30Z,2024-12-03T10:35:30Z,8,The blue one....â¤â¤â¤
@_IQ_hub,2024-12-03T10:35:10Z,2024-12-03T10:35:10Z,0,the real og is back
@sanjeevc4596,2024-12-03T10:34:11Z,2024-12-03T10:34:11Z,0,Upgraded colourfull new style lines on screen soonğŸ˜‚
@JAYY1631,2024-12-03T10:34:02Z,2024-12-03T10:34:02Z,0,I got price oneplus 13 announced by official oneplus <br>After a day they send message as miscommunication <br>If oneplus global see&#39;s this please do something <br>And give the reward as said by official teamğŸ˜¢
@noke2132,2024-12-03T10:32:49Z,2024-12-03T10:32:49Z,1,This day has came.
@40beyondfashion,2024-12-03T10:32:42Z,2024-12-03T10:32:42Z,0,To call it beautiful would be an understatement ğŸ˜Š
@hossammohamed6927,2024-12-03T10:32:28Z,2024-12-03T10:32:28Z,0,"OnePlus is one of the best phones this year, but... the rear cameras should have been placed in a frame like in the Redmi K80 Pro."
@manijawandha98,2024-12-03T10:28:59Z,2024-12-03T10:28:59Z,0,This ain&#39;t no with any curves at all
@Davedublin,2024-12-03T10:26:16Z,2024-12-03T10:26:16Z,1,Too big.
@seeratrafique1459,2024-12-03T10:24:33Z,2024-12-03T10:28:11Z,0,"The Camera Module is not looking premium, you must look at the Xiaomi 14 ultra camera module. It&#39;s looking more like Infinix / Techno phones rather than legendary Oneplus."
@sashinjamir4863,2024-12-03T10:24:13Z,2024-12-03T10:24:13Z,0,Which colour do you guys prefer....?ğŸ˜ƒ
@SarvagyaTiwari,2024-12-03T10:23:55Z,2024-12-03T10:23:55Z,0,Ok. Provide 80% discount on exchange of One plus 12.
@VelGoesBrrr,2024-12-03T10:23:54Z,2024-12-03T10:23:54Z,0,"Is there any difference on the sides of the phones?<br>I heard some people say on the black version, it&#39;s brushed metal, but on white and blue it&#39;s not."
@rushikeshpatil6436,2024-12-03T10:23:53Z,2024-12-03T10:23:53Z,1,Beast is back
@manny78969,2024-12-03T10:21:39Z,2024-12-03T10:21:39Z,0,Here we are. Let&#39;s F go....
@JD-vh4hl,2024-12-03T10:20:59Z,2024-12-03T10:20:59Z,773,OnePlus 7 Pro (with true infinite display) was the next chapter. All models with that front camera on the screen - is the previous chapter. Bring back a true infinite display! It is already 5 years that I&#39;ve been using OP7Pro and I am happy with it.
@aadityapawar0412,2024-12-03T10:14:53Z,2024-12-03T10:14:53Z,0,I am OnePlus Loverâ¤
@razabhai9822,2024-12-03T10:14:39Z,2024-12-03T10:14:39Z,0,Uder 40k price is good never sattel but please sattel the price âœ…âœ…âœ…âœ…
@johnstana8382,2024-12-03T10:09:01Z,2024-12-03T10:09:01Z,0,Shut Up And Take Me Money ! â¤
@RahulGupta-ld5wr,2024-12-03T10:06:28Z,2024-12-03T10:06:28Z,0,Launching on 11th December
@g_ravasz,2024-12-03T10:05:12Z,2024-12-03T10:07:10Z,3,"Can&#39;t wait the global Launch. Looks nice. Edit: seems that gonna be in January, for EU."
@plonyzio7079,2024-12-03T10:05:08Z,2024-12-03T10:05:08Z,20,true beauty to beholdâ¤
@BhupendraSingh-dk2ec,2024-12-03T10:05:07Z,2024-12-03T10:05:07Z,6,Yaa we want flate display â¤â¤
@sevine4667,2024-12-03T10:04:54Z,2024-12-03T10:04:54Z,7,My OnePlus 12 just lost value ğŸ˜…
@ojasmehta,2024-12-03T10:04:18Z,2024-12-03T10:04:18Z,1,Did they remove the bezels?!
@chowdhuryaltarifullas987,2024-12-03T10:03:50Z,2024-12-03T10:03:50Z,9,Thatâ€™s awesome â¤
@sohailsayyed4686,2024-12-03T10:03:27Z,2024-12-03T10:03:27Z,0,Price will be overpriced then what the us of it ğŸ˜ŠğŸ˜ŠğŸ˜ŠğŸ˜ŠğŸ˜Š no periscope
@i3looi2,2024-12-03T10:03:13Z,2024-12-03T10:03:13Z,2,This is not what OnePlus promised. It&#39;s just another smartphone. Zero innovation or personality.
@TEAMPLEXUS17,2024-12-03T10:02:55Z,2024-12-03T10:02:55Z,3,When pre-booking is AVIALABLE??
@noormohamed11,2024-12-03T10:02:54Z,2024-12-03T10:02:54Z,2,Bring Back The OG oxygen os Fully
@noz3m,2024-12-03T10:02:50Z,2024-12-03T10:02:50Z,1,Please make it affordable under &lt;1000 euro
@adamsonparmar,2024-12-03T10:02:37Z,2024-12-03T10:02:37Z,2,BezzelsğŸ˜ƒâ¤ï¸
@choqao,2024-12-03T10:01:57Z,2024-12-03T10:01:57Z,2,ğŸ’€ğŸ”¥
@nizam2835,2024-12-03T10:01:36Z,2024-12-03T10:01:36Z,8,â¤â¤â¤
@venkatlaxmiagir8641,2024-12-03T10:01:21Z,2024-12-03T10:01:21Z,5,ARENT WE EXCITED FOR THIS??
@WorldwideScents,2024-12-03T10:01:08Z,2024-12-03T10:01:08Z,1,First
